{
  "width": 1920,
  "height": 1080,
  "H": [
    [
      -0.05207484243370733,
      -0.07700975152495777,
      -17.614185588856063
    ],
    [
      -0.016930133259285496,
      -0.5641202277825557,
      122.69892352591835
    ],
    [
      -0.0003208247178778756,
      -0.0029408884425619693,
      0.9999999999999999
    ]
  ],
  "image_points": [
    [
      1335,
      840
    ],
    [
      1068,
      682
    ],
    [
      648,
      677
    ],
    [
      447,
      606
    ],
    [
      128,
      714
    ],
    [
      210,
      926
    ],
    [
      804,
      964
    ]
  ],
  "world_points": [
    [
      78.0,
      195.0
    ],
    [
      93.0,
      208.0
    ],
    [
      100.0,
      226.0
    ],
    [
      95.0,
      245.0
    ],
    [
      69.0,
      247.0
    ],
    [
      56.0,
      226.0
    ],
    [
      64.0,
      207.0
    ]
  ],
  "rmse_world_units": 3.7473764419555664
}