{
  "width": 1920,
  "height": 1080,
  "H": [
    [
      -0.058132035456767595,
      -0.07523191733348915,
      178.9847529123553
    ],
    [
      -0.006487123413347036,
      0.09168817157253956,
      -38.31383781498617
    ],
    [
      -7.426087641255292e-05,
      -0.00024111665706363314,
      1.0
    ]
  ],
  "image_points": [
    [
      571,
      676
    ],
    [
      489,
      768
    ],
    [
      371,
      974
    ],
    [
      723,
      820
    ],
    [
      987,
      972
    ],
    [
      1045,
      779
    ]
  ],
  "world_points": [
    [
      120.0,
      13.0
    ],
    [
      119.0,
      37.0
    ],
    [
      114.0,
      66.0
    ],
    [
      101.0,
      43.0
    ],
    [
      70.0,
      64.0
    ],
    [
      81.0,
      36.0
    ]
  ],
  "rmse_world_units": 3.507391929626465
}