{
  "width": 1920,
  "height": 1080,
  "H": [
    [
      -0.0664502537067454,
      0.0766083018395789,
      114.3185833079739
    ],
    [
      0.06915444592621865,
      0.11434335067727557,
      47.113339085135756
    ],
    [
      2.6635712905989523e-05,
      0.00032025277591330744,
      1.0
    ]
  ],
  "image_points": [
    [
      1240,
      846
    ],
    [
      1454,
      427
    ],
    [
      1113,
      368
    ],
    [
      341,
      940
    ],
    [
      211,
      433
    ],
    [
      86,
      138
    ],
    [
      422,
      127
    ]
  ],
  "world_points": [
    [
      74.0,
      176.0
    ],
    [
      40.0,
      163.0
    ],
    [
      60.0,
      145.0
    ],
    [
      125.0,
      136.0
    ],
    [
      117.0,
      101.0
    ],
    [
      114.0,
      66.0
    ],
    [
      91.0,
      86.0
    ]
  ],
  "rmse_world_units": 1.703701138496399
}