{
  "width": 2304,
  "height": 1296,
  "H": [
    [
      -0.1692743719167333,
      -0.06015680431664591,
      197.548014543168
    ],
    [
      -0.08068244678898039,
      -0.06997475839473256,
      101.26622479002043
    ],
    [
      -0.0008610701876357773,
      -0.00036180104486814596,
      1.0
    ]
  ],
  "image_points": [
    [
      1268,
      811
    ],
    [
      1359,
      441
    ],
    [
      1115,
      302
    ],
    [
      1127,
      186
    ],
    [
      1212,
      90
    ]
  ],
  "world_points": [
    [
      171.0,
      150.0
    ],
    [
      179.0,
      119.0
    ],
    [
      181.0,
      97.0
    ],
    [
      117.0,
      71.0
    ],
    [
      171.0,
      37.0
    ]
  ],
  "rmse_world_units": 20.290241241455078
}